상품명,정가,할인가
시미헤이즈뷰티[7월 올영픽][기획/단품] 시미헤이즈뷰티 솔라 틴트 블러쉬 듀오 5g,"58,000","40,100"
두잉왓두잉왓 스킨톤 필터 로션 55ml 기획,"33,900","24,900"
투크[미니 립펜슬 증정 기획] 투크 윗아웃 미러 립 틴트 15종 중 택1(기획/단품),"19,000","12,900"
롬앤[7월올영픽/산리오캐릭터즈] 롬앤 더 쥬시 래스팅 틴트 (+쉐이킹키링증정) 단품/기획,"13,000","9,900"
클리오[NO.1 아이라이너] 클리오 샤프 쏘 심플 워터프루프 펜슬라이너,"11,000","7,700"
에뛰드[7월 올영픽/태닝 시나모롤] 에뛰드 컬 픽스 마스카라 1+1 기획,"16,000","15,500"
정샘물정샘물 에센셜 스킨 누더 쿠션(본품+리필),"45,000","38,250"
힌스[리뷰이벤트/미니쿠션증정] 힌스 커버 마스터 핑크 쿠션 기획(본품+리필),"34,000","26,850"
투크[미니 속광도화밤 증정 기획] 투크 워터프루프 슬림 아이라이너 17colors (기획/단품),"13,900","13,400"
에뛰드[7월 올영픽/태닝 포차코] 에뛰드 포근 픽싱 틴트,"16,000","12,800"
웨이크메이크[7월 올영픽/태닝 포차코][+아이 프라이머 증정]웨이크메이크 소프트 블러링 아이팔레트 25COLOR(단품/기획),"34,000","23,800"
에이프릴스킨[7월 올영픽/구매인증 이벤트] 에이프릴스킨 히어로쿠션 핑크에디션(본품+리필+퍼프2개),"33,000","24,900"
페리페라페리페라 스피디 스키니 브로우,"6,000","6,000"
연작[올영PICK/화잘먹 베이스] 연작 스킨 퍼펙팅 프로텍티브 베이스프렙 25ml/40ml 택1,"33,000","29,000"
디어달리아[2024어워즈/1등블러쉬]디어달리아 리퀴드 블러쉬,"25,000","20,140"
3CE[물놀이틴트] 3CE 레이지 팝 립 스테인 4.5g 9종,"18,000","14,400"
VDL[1등파데] VDL 커버스테인 퍼펙팅 파운데이션 30ml (+세레니티 미니 쿠션 기획/ 단품),"32,000","25,600"
토니모리토니모리 퍼펙트립스 쇼킹립 틴트 18종,"15,000","11,400"
헤라헤라 블랙쿠션 본품15g+리필15g,"74,000","66,600"
에스쁘아[단독선런칭] 에스쁘아 베어 글로우 립밤 6 colors,"24,000","21,800"
패션캣[서울어워드선정] 패션캣 베어 블러 틴트 3g 5colors,"19,000","12,500"
어뮤즈[단독기획] 어뮤즈 에어리 포어 커버 쿠션 리필 기획 (본품+리필 증정),"38,000","30,400"
컬러그램컬러그램 누디 블러 틴트 20 COLOR (기획/단품),"10,000","8,800"
두잉왓두잉왓 아쿠아 필터 립밤 3.8g,"14,900","14,900"
롬앤[7월올영픽/산리오캐릭터즈] 롬앤 베러 댄 팔레트 (+듀얼아이섀도우브러쉬) 단품/기획,"30,000","22,900"
오아드[여름필수템] 오아드 립티크 9종 단품/기획,"26,000","26,000"
하트퍼센트[NEW/단독기획]하트퍼센트 도트 온 무드 립펜슬 0.8g 22종 (기획/단품),"14,000","12,600"
오브제[덱스 PICK] 오브제 내추럴 커버 파운데이션 기획세트(+클렌징폼 50ml),"36,800","33,100"
VDL[1등쿠션] VDL 커버 스테인 퍼펙팅 쿠션 기획(+미니 프라이머 증정),"34,000","27,880"
웨이크메이크[7월 올영픽/태닝 포차코] 웨이크메이크 심리스 웨어 쿠션 9COLOR(+미니 쿠션 증정),"36,000","23,700"
웨이크메이크[1+1 기획] 웨이크메이크 내추럴 하드 브로우 펜슬 5 COLOR,"13,000","11,700"
힌스[NEW/미니 틴트 기획] 힌스 로 글로우 젤 틴트 17 COLORS (기획/ 단품),"17,000","13,900"
페리페라[궁 파우치 재입고] 페리페라 잉크 무드 글로이 틴트 4g 19종,"11,000","8,800"
웨이크메이크[1+1 기획] 웨이크메이크 철벽 펜 아이라이너 3 COLOR,"13,000","11,700"
오브제[덱스 PICK] 오브제 내추럴 커버 로션 50g 단품/기획(+미니어처 10ml),"29,800","27,900"
헤라헤라 센슈얼 누드 글로스  5g,"40,000","36,000"
정샘물[7월올영픽/결촘핏쿠션] 정샘물 프로래스팅 결핏 메쉬 쿠션(단품/기획) SPF50+ PA++++,"46,000","35,900"
에뛰드[7월 올영픽/태닝 포차코] 에뛰드 재창조 메이커 쉐딩 스틱 (+새틴광 하이라이터) 증정 기획,"14,000","11,200"
키스미[1+1] 키스미 스무스 리퀴드 아이라이너 N 3종 1+1 한정기획 (단품/기획),"18,000","18,000"
두잉왓두잉왓 3-IN-1 이지 드로잉 아이브로우 펜슬(다크 그레이),"14,000","10,900"
페리페라페리페라 스피디 스키니 브로우 마스카라,"8,000","8,000"
3CE[기획/단품(+미니립증정)]3CE 블러 워터 틴트 4.6g 20종,"18,000","14,400"
클리오클리오 크리스탈 글램 틴트 3.4g 22종,"18,000","12,600"
바닐라코바닐라코 프라임 프라이머 피니쉬 파우더 (단품/미니),"22,000","18,000"
라카[NEW/반사광틴트] 라카 맥시 글레이어 틴트 3.8g 20종,"18,000","18,000"
더샘[1위 컨실러/립컨실러기획] 더샘 커버 퍼펙션 트리플 팟 컨실러 7colors(단품/기획),"12,000","12,000"
루나[오얼모얼퍼프2P증정/올리브영 6년연속 1위] 루나 롱래스팅 팁 컨실러 기획 7colors,"15,000","10,500"
투쿨포스쿨투쿨포스쿨 바이로댕 쉐이딩,"16,000","13,600"
릴리바이레드[NEW 컬러 추가] 릴리바이레드 러브빔 치크밤 11종,"13,000","9,800"
파넬[진정커버/1위쿠션] 파넬 시카마누 세럼쿠션(본품+리필),"37,000","29,600"
바닐라코바닐라코 스머징 립 펜슬 0.8g 6종,"14,000","11,200"
투쿨포스쿨투쿨포스쿨 스머징 트임 라이너,"12,000","9,600"
비디비치비디비치 페탈 글로우 크림 블러시 10종 택1,"29,000","24,590"
토니모리[올영 단독 NEW컬러] 토니모리 겟잇 틴트 워터풀 시럽 5.3g 11종,"16,000","12,800"
퓌[단독구성] 퓌 쿠션 글래스 내추럴 5컬러 기획(+리필파우치/퍼프2매증정),"38,000","28,500"
클리오클리오 킬브로우 오토하드브로우펜슬 단품/기획,"20,000","15,000"
에스쁘아[20컬러] 에스쁘아 꾸뛰르 립틴트 글레이즈 20 colors,"22,000","17,600"
롬앤[7월올영픽/산리오캐릭터즈] 롬앤 글래스팅 멜팅 밤,"13,000","9,900"
오휘[미니쿠션 증정] [구매인증이벤트/NEW] 오휘 얼티밋 커버 데니어 쿠션 리필 기획 (70D/100D),"65,000","50,700"
헤라헤라 블랙 쿠션 파운데이션 리필 15g,"38,000","34,200"
에뛰드NEW 마루는 강쥐 X 에뛰드 그림자 쉐딩 단품/브러쉬 기획,"20,000","15,200"
투쿨포스쿨[단독기획] 투쿨포스쿨 프로타주 펜슬,"12,000","9,900"
클리오[5년 연속 1위] 클리오 킬래쉬 수퍼프루프마스카라 1+1 기획,"18,000","17,400"
에뛰드[SNS 대란템] 에뛰드 피지쏙 젤리 파우더 8g,"15,000","10,690"
컬러그램[NEW컬러추가] 컬러그램 음영 창조 라이너 9 COLOR (기획/단품),"9,900","7,900"
오프라 코스메틱오프라 코스메틱 미니 하이라이터 단품/기획,"36,000","36,000"
투슬래시포[NEW/이사배브랜드] 투슬래시포 올 오버 페이스 블러쉬,"25,000","23,750"
루나루나 프로 포토 피니셔 블러 파우더 팩트 4colors(+초미니팩트증정),"29,000","19,530"
VDL[여름NEW] VDL 커버스테인 하이커버 쿠션 13g 기획(+리필+모공 스패츌라브러쉬),"34,000","27,880"
힌스[NEW/미니 쿠션 증정] 힌스 메쉬 매트 쿠션 한정 기획(본품+리필+미니쿠션),"34,000","28,900"
딘토[벚꽃에디션] 딘토 블러글로이 립틴트 3.5g 37종 (+미니 속광치크 증정),"20,000","14,000"
에스쁘아[신규컬러추가] 에스쁘아 더브로우 밸런스 펜슬 8 colors 단품/기획,"16,000","12,800"
클리오[NEW] 클리오 킬 커버 메쉬 블러 쿠션  (+파우더 팩트 증정),"36,000","27,000"
라카[mini] 라카 프루티 글램 틴트 미니 1.9g 30종,"9,000","7,900"
롬앤[7월올영픽/산리오캐릭터즈] 롬앤 글래스팅 컬러 글로스,"13,000","9,900"
삐아[7월 올영픽/태닝 산리오캐릭터즈] 삐아 오버 글레이즈 (+틴트 거치대 증정 기획/단품) 4.5g 12종,"16,000","10,900"
정샘물정샘물 에센셜 스킨 누더 롱웨어 쿠션  (본품+리필),"45,000","38,250"
라네즈라네즈 네오 파우더 7g,"20,000","14,250"
VDL[스페출라증정] VDL 톤 스테인 컬러 코렉팅 프라이머 30ml,"26,000","19,500"
코스노리[NEW] 코스노리 이지 브로우 톤 체인저 5회분,"26,000","19,500"
3CE3CE 소프트 매트 립스틱 3.5g 15종,"20,000","16,000"
에스쁘아[디즈니 콜라보] 에스쁘아 비벨벳 커버쿠션 SPF42 PA++ (본품+리필+팡팡 퍼프 2매+케이스+스티커),"40,000","31,900"
웨이크메이크[7월 올영픽/태닝 포차코][+듀얼 브러시 기획]웨이크메이크 소프트 쉬어 멀티 팔레트 10COLOR(기획/단품),"28,000","19,600"
퓌[NEW컬러] 퓌 3D 볼류밍 글로스(30%/70%) 5.3g 17종,"18,000","18,000"
지베르니[휴대용기&블렌딩퍼프 증정] 지베르니 밀착 커버 파운데이션 30ml (단품/기획),"33,000","27,900"
바닐라코[스누피 콜라보] 바닐라코 커버리셔스 얼티밋 화이트 쿠션 기획 (쿠션+리필+미니쿠션 증정),"38,000","28,880"
웨이크메이크[NEW/립펜슬 증정]웨이크메이크 워터 블러링 레이어 틴트 12COLOR(단품/기획),"16,000","12,800"
투크[NEW 호수 런칭 / 단독선런칭 / 코렉터 증정 기획] 투크 새틴 도화밤 11종 (기획/단품),"17,900","14,500"
네이밍네이밍 레이어드 핏 쿠션 기획(본품+리필),"34,000","27,200"
팁토우[리뷰이벤트/단독기획] 팁토우 글로윗 소르베 틴트 10 Colors,"18,000","17,100"
엔트로피 메이크업[NEW 컬러 출시/누적판매 12만개/4차물량 완판] 엔트로피 브로우 블리치/원유즈/애쉬 브라운/베이지 브라운,"9,900","8,900"
VDL[NEW컬러] VDL 치크스테인 블러셔 (+핑거 브러쉬 기획/단품),"23,000","18,400"
롬앤[7월올영픽/산리오캐릭터즈] 롬앤 베러 댄 치크,"12,000","9,900"
프레시안[NEW/단독기획]프레시안 펩타세럼 쿠션,"37,000","37,000"
어반디케이어반디케이 올나이터 세팅 픽서 비타민C 118ml,"46,000","36,800"
오브제[덱스 PICK]오브제 무드체인지 립밤 3g 2종 택1,"11,900","10,700"
웨이크메이크[7월 올영픽/태닝 포차코]웨이크메이크 심리스 웨어 파운데이션 6COLOR(+툴 키트 증정),"38,000","26,600"
클리오[5년 연속 어워즈 수상] 클리오 킬 커버 파운웨어 쿠션 디 오리지널 단품/기획,"36,000","27,000"
네이밍네이밍 플러피 파우더 블러쉬 17colors,"15,000","12,000"
더후[미니립밤 | 립파우치 | 에센스 증정] [다영PICK] 더후 에센셜 립 글로우밤 5 colors,"45,000","38,900"
